Point,Sample ID Lab,Horizon,Observational Method,Potential Series (in progress),To Depth (cm),H Depth(cm),Boundary (Bnd),Matrix Color,Clay,Sand,Silt,"Lab Texture (LPSA, preliminary)",Txt Rep?,Field Texture,Field Clay %,Structure,Consistence,Notes,Date Sampled,Depth to water table (if known),Taxonomy,Charcoal Present?,Depletions,Concentrations,htm,intermingle body,plinthitic,Buried,AB,AE,BA,BC,BE,textureimp?
P1,230045,Ap,Auger,Lucy?,0-30,30,,10YR4/2,6.965,83.2,9.835,LS,,LS,,,,POSSIBLE FILL,5/15/2023,,,,,,,,,,,,,,,0
P1,230046,,Auger,Lucy?,30-70,40,,7.5YR4/6,59.75,33.6,6.65,C ,,SCL,,,,"Kaolin common, concentrations",5/15/2023,,,,,Yes,,,,,,,,,,0
P1,230047,,Auger,Lucy?,70-88,18,,10YR3/2,28.85,62.15,9,SCL,,SL,18,,,Kaolin few concentrations,5/15/2023,,,,,Yes,,,,,,,,,,0
P1,230048,,Auger,Lucy?,88-129,41,,10YR4/6,54.15,37.6,8.25,C,,SC,45,,,Kaolin few concentrations. Charcoal present,5/15/2023,,,Yes,,Yes,,,,,,,,,,0
P1,230049,,Auger,Lucy?,129-145,16,,2.5Y3/2,8.52,82.9,8.58,LS,,LS,8,,,Charcoal present,5/15/2023,,,Yes,,,,,,,,,,,,0
P1,230050,,Auger,Lucy?,145-168+,23,,10YR5/4,54.05,37.4,8.55,C,,SCL,,,,Kaolin few concentrations. Charcoal present,5/15/2023,,,Yes,,Yes,,,,,,,,,,0
P2,230051,Ap,Auger,Orangeburg,0-22,22,,10YR4/3,4.825,87.05,8.125,LS,,LS,,1MGr,,,5/15/2023,,,,,,,,,,,,,,,0
P2,230052,BA,Auger,Orangeburg,22-39,17,,10YR4/6,17.05,69.95,13,SL,,SL,17,1MSBK,,,5/15/2023,,,,,,,,,,,,Yes,,,0
P2,230053,Bt3,Auger,Orangeburg,162-191+,29,,10YR6/8,23.35,69.2,7.45,SCL,,SL,15,2MSBK,,clay films,5/15/2023,,,,,,,,,,,,,,,0
P2,230054,Bt1,Auger,Orangeburg,39-96,57,,7.5YR5/8,22.6,64.75,12.65,SCL,,SL,18,2MSBK,,Few organic stains,5/15/2023,,,,,,,,,,,,,,,0
P2,230055,Bt2,Auger,Orangeburg,96-162,66,,5YR5/8,29.85,62.1,8.05,SCL,,SCL,22,2MSBK,,clay films,5/15/2023,,,,,,,,,,,,,,,0
P3,230056,Ap,Auger,Greenville,0-28,28,,10YR4/3,5.395,85.8,8.805,LS,,LS,,1MGr,,,5/15/2023,,,,,,,,,,,,,,,0
P3,230057,Bt4,Auger,Greenville,170-188+,18,,2.5YR4/6,67.7,28,4.3,C ,,CL,28,1MSBK,,clay films,5/15/2023,,,,,,,,,,,,,,,0
P3,230058,Bt2,Auger,Greenville,52-100,48,,2.5YR4/6,64.3,29.05,6.65,C ,,CL,32,2MSBK,,clay films,5/15/2023,,,,,,,,,,,,,,,0
P3,230059,Bt1,Auger,Greenville,28-52,24,,2.5YR3/6,45.2,43.9,10.9,C ,,L,,1MSBK,,few organic stains. clay films,5/15/2023,,,,,,,,,,,,,,,0
P3,230060,Bt3,Auger,Greenville,100-170,70,,2.5YR4/6,66.25,28.5,5.25,C ,,CL,35,2MSBK,,clay films,5/15/2023,,,,,,,,,,,,,,,0
P4,230061,BA,Auger,Orangeburg,32-61,29,,5YR5/8,31.65,57.85,10.5,SCL,,SL,15,2MSBK,,,5/15/2023,,,,,,,,,,,,Yes,,,0
P4,230062,Bt1,Auger,Orangeburg,61-98,37,,2.5YR4/8,33.15,57.15,9.7,SCL,,SL,16,2MSBK,,clay films,5/15/2023,,,,,,,,,,,,,,,0
P4,230063,Bt3,Auger,Orangeburg,135-159,24,,5YR5/8,31.9,61.7,6.4,SCL,,SL,14,1MSBK,,clay films,5/15/2023,,,,,,,,,,,,,,,0
P4,230064,Bt4,Auger,Orangeburg,159-188,29,,7.5YR5/8,31.3,62.15,6.55,SCL,,SL,10,1MSBK,,clay films,5/15/2023,,,,,,,,,,,,,,,0
P4,230065,Bt2,Auger,Orangeburg,98-135,37,,5YR4/8,40.9,48.2,10.9,SC,Yes,SCL,21,2MSBK,,clay films,5/15/2023,,,,,,,,,,,,,,,0
P4,230066,Ap,Auger,Orangeburg,0-32,32,,10YR4/4,6.445,84.45,9.105,LS,Yes,LS,,1MGr,,,5/15/2023,,,,,,,,,,,,,,,0
29,240314,Bt2,Auger,Greenville,69-127,58,,2.5YR3/6,66.7,28.7,4.6,C,,SCL,,2MSBK,,Charcoal,5/2/2024,,,Yes,,,,,,,,,,,,0
29,240311,Ap1,Auger,Greenville,0-20,20,,5YR 4/4,5.5,86.2,8.3,LS,,,,1MGr,,,5/2/2024,,Typic Kanhapludult?,,,,,,,,,,,,,0
29,240312,Ap2,Auger,Greenville,20-34,14,,5YR 4/4,15.7,74.2,10.1,SL,,,,1FSBK,,,5/2/2024,,,,,,,,,,,,,,,0
29,240313,Bt1,Auger,Greenville,34-69,35,,5YR4/6,23.75,65.3,10.95,SCL,,,,1MSBK,,Charcoal,5/2/2024,,,Yes,,,,,,,,,,,,0
29,240315,Bt3,Auger,Greenville,127-166+,39,,2.5YR3/6,53.3,41.1,5.6,C,,SL,,1MSBK,,Charcoal,5/2/2024,,,Yes,,,,,,,,,,,,0
30,240316,Ap1,Auger,Greenville,0-11,11,,7.5YR3/4,5.37,86.5,8.13,LS,,,,1MGr,,,5/2/2024,,,,,,,,,,,,,,,1
30,240317,Ap2,Auger,Greenville,21-Nov,10,,7.5YR4/3,7.77,83.25,8.98,LS,,,,1MGr,,,5/2/2024,,,,,,,,,,,,,,,1
30,240318,Bt1,Auger,Greenville,21-48,27,,5YR3/4,38.8,51.25,9.95,SC,,,,2MSBK,,,5/2/2024,,,,,,,,,,,,,,,1
30,240319,Bt2,Auger,Greenville,48-72,24,,2.5YR4/8,40.45,50.2,9.35,SC,,,,2MSBK,,,5/2/2024,,,,,,,,,,,,,,,1
30,240320,Bt3,Auger,Greenville,72-110,38,,2.5YR3/6,66.5,28.95,4.55,C,,SCL,24%,2MSBK,,,5/2/2024,,,,,,,,,,,,,,,0
30,240321,Bt4,Auger,Greenville,110-167+,57,,2.5YR3/6,69.15,27.05,3.8,C,,SL,18%,2MSBK,,,5/2/2024,,,,,,,,,,,,,,,0
40,240322,Ap,Auger,Greenville,0-13,13,,5YR4/6,28.55,62.9,8.55,SCL,,,,1FSBK,,,5/2/2024,,,,,,,,,,,,,,,0
40,240323,BA,Auger,Greenville,13-30,17,,2.5YR3/6,65.65,29.05,5.3,C ,,,,2MSBK,,Organic staining; few charcoal present,5/2/2024,,,Yes,,,,,,,,,Yes,,,0
40,240324,Bt1,Auger,Greenville,30-70,40,,2.5YR3/6,74.4,22.15,3.45,C ,,,,2MSBK,,,5/2/2024,,,,,,,,,,,,,,,0
40,240325,Bt2,Auger,Greenville,70-127,57,,10R4/6,73.35,23.7,2.95,C ,,,,2MSBK,,,5/2/2024,,,,,,,,,,,,,,,0
40,240326,Bt3,Auger,Greenville,127-156+,29,,10R4/6,73.85,23.75,2.4,C ,,,,2MSBK,,,5/29/2024,,,,,,,,,,,,,,,0
61,240327,Ap,Auger,Greenville,0-30,30,,7.5YR3/3,7.045,83.5,9.455,LS,,,,1MGr,,,5/2/2024,,,,,,,,,,,,,,,0
61,240328,BA,Auger,Greenville,30-55,25,,2.5YR3/4,47.75,43.8,8.45,C ,,,,2MSBK,,,5/2/2024,,,,,,,,,,,,Yes,,,0
61,240329,Bt1,Auger,Greenville,55-115,60,,2.5YR4/6,51.75,40.9,7.35,C ,,,,2MSBK,,,5/2/2024,,,,,,,,,,,,,,,0
61,240330,Bt2,Auger,Greenville,115-162+,47,,2.5YR3/6,59.7,35.7,4.6,C ,,,,1MSBK,,,5/2/2024,,,,,,,,,,,,,,,0
68,240331,Ap1,Auger,Greenville,0-16,16,A,7.5YR3/3,5.4,85.85,8.75,LS,,,,1FGr,,,5/2/2024,,,,,,,,,,,,,,,0
68,240332,Ap2,Auger,Greenville,16-33,17,C,7.5YR3/4,8.08,80.85,11.07,LS,,,,1MGr,,,5/2/2024,,,,,,,,,,,,,,,0
68,240333,Bt1,Auger,Greenville,33-77,44,,2.5YR3/6,47.45,42.95,9.6,C ,,,,2MSBK,,,5/2/2024,,,,,,,,,,,,,,,0
68,240334,Bt2,Auger,Greenville,77-118,41,,2.5YR3/6,75.35,21.2,3.45,C ,,CL,,2MSBK,,Clay increase,5/2/2024,,,,,,,,,,,,,,,0
68,240335,Bt3,Auger,Greenville,118-156+,38,,2.5YR3/6,80,17.5,2.5,C ,,L/SL,,2MSBK,,,5/2/2024,,,,,,,,,,,,,,,0
69,240336,Ap,Auger,Greenville,0-18,18,,10YR3/4,5.85,84.45,9.7,LS,,,,1FGr,,,5/2/2024,,,,,,,,,,,,,,,0
69,240337,AB,Auger,Greenville,18-30,12,,5YR3/4,18.3,69.55,12.15,SL,,,,1MSBK,,organic staining,5/2/2024,,,,,,,,,,Yes,,,,,0
69,240338,BA,Auger,Greenville,30-60,30,,5YR4/6,46.45,42.95,10.6,C ,,,,2MSBK,,organic staining; few yellow concretions at 5YR5/8,5/2/2024,,,,,Yes,,,,,,,Yes,,,0
69,240339,Bt1,Auger,Greenville,60-104,44,,2.5YR3/6,67.45,26.85,5.7,C ,,,,2MSBK,,,5/2/2024,,,,,,,,,,,,,,,0
69,240340,Bt2,Auger,Greenville,104-150+,46,,2.5YR3/6,78.25,18.8,2.95,C ,,,,2MSBK,,,5/2/2024,,,,,,,,,,,,,,,0
23,240341,Ap1,Auger,Dothan,0-18,18,A,10YR4/3,5.075,86.1,8.825,LS,,,,1FGr,VFR,,5/29/2024,,,,,,,,,,,,,,,0
23,240342,Ap2,Auger,Dothan,18-32,14,C,10YR4/3,4.955,86.95,8.095,LS,,,,1MSBK,VFR,,5/29/2024,,,,,,,,,,,,,,,0
23,240343,Bt1,Auger,Dothan,32-65,33,C,10YR5/6,22.25,65.5,12.25,SCL,,,,2MSBK,FR,,5/29/2024,,,,,,,,,,,,,,,0
23,240344,Bt2,Auger,Dothan,65-100,35,C,10YR5/6,21.8,67.65,10.55,SCL,,SCL,,2MSBK,FR,3% 7.5YR 5/8 concentration (small/fine). Few pieces of uncoated sand grain (1-2 cm in length).,5/29/2024,,,,,Yes,,,,,,,,,,0
23,240345,Btv,Auger,Dothan,100-159+,49,,10YR5/6,19.45,71.3,9.25,SL,,SCL,,2MSBK,FR,1% 5YR 5/8 concentraation (fine). ~2% 7.5YR 4/6 plinthite nodules,5/29/2024,,,,,Yes,,,Yes,,,,,,,0
34,240346,Ap1,Auger,Bonneau,0-11,11,A,10YR4/2,5.99,82.25,11.76,LS,,,,1FGr,VFR,,5/29/2024,,,,,,,,,,,,,,,1
34,240347,Ap2,Auger,Bonneau,Nov-34,23,A,10YR5/3,5.48,86.6,7.92,LS,,,,1MGr,VFR,,5/29/2024,,,,,,,,,,,,,,,1
34,240348,Bt1,Auger,Bonneau,34-60,26,C,10YR5/6,23.2,62.25,14.55,SCL,,,,2MSBK,FR,2% 7.5YR 5/8,5/29/2024,,,,,,,,,,,,,,,1
34,240349,Bt2,Auger,Bonneau,60-100,40,C,2.5Y5/6,9.245,79.2,11.555,SL,,,,2MSBK,FR,Hit water table. 10YR4/6 soft iron mass accumulations. 2% 2.5Y7/2 depletions.,5/29/2024,60 cm,,,Yes,Yes,,,,,,,,,,1
34,240350,Btv1,Auger,Bonneau,100-127,27,C,2.5Y6/4,8.075,81.65,10.275,LS,,,,2MSBK,FR,10YR4/6 plinthite. 2.5Y5/6 concentrations. 2.5Y6/2 depletions,5/29/2024,,,,Yes,Yes,,,Yes,,,,,,,1
34,240351,Btv2,Auger,Bonneau,127-151+,24,,2.5Y6/4,8.465,82.3,9.235,LS,,,,2MSBK,FR,2.5Y5/6 concentrations. 5Y7/1 depletions. 10YR4/6 plinthite.,5/29/2024,,,,Yes,Yes,,,Yes,,,,,,,1
44,240352,Ap1,Auger,Bonneau,0-27,27,,10YR4/2,5.32,85.1,9.58,LS,,,,1MGr,,,5/29/2024,,,,,,,,,,,,,,,0
44,240353,A/E,Auger,Bonneau,27-46,19,,10YR4/2,5.895,83.2,10.905,LS,,,,1MSBK,,mixed color; not redox,5/29/2024,,,,,,,Yes,,,,,,,,0
44,240354,E,Auger,Bonneau,46-63,17,,2.5Y6/4,6.355,83.1,10.545,LS,,,,1MSBK,,,5/29/2024,,,,,,,,,,,,,,,0
44,240355,Bt,Auger,Bonneau,63-94,31,,10YR6/4,7.245,82.35,10.405,LS,,,,2MSBK,,redox: 10YR5/8 concentrations at 3%. 2.5Y6/3 depletions at 2%,5/29/2024,81 cm,,,Yes,Yes,,,,,,,,,,0
53,240358,Ap1,Auger,Lucy,0-26,26,A,10YR3/3,6.25,82.9,10.85,LS,,SL,5,1FGr,VFR,,5/29/2024,,,,,,,,,,,,,,,0
53,240359,Ap2,Auger,Lucy,26-48,22,C,10YR4/4,10.75,78.1,11.15,SL,,SL,5,1MGr,VFR,,5/29/2024,,,,,,,,,,,,,,,0
53,240360,Bt1,Auger,Lucy,48-83,35,C,7.5YR4/6,16.6,73.4,10,SL,,SL,12,1MSBK,VFR,,5/29/2024,,,,,,,,,,,,,,,0
53,240361,Bt2,Auger,Lucy,83-115,32,C,2.5YR4/6,23.2,67.55,9.25,SCL,,SL,16,1MSBK,FR,,5/29/2024,,,,,,,,,,,,,,,0
53,240362,Bt3,Auger,Lucy,115-159+,44,,2.5YR3/6,54.55,41.15,4.3,C ,,SCL,24,2MSBK,FR,,5/29/2024,,,,,,,,,,,,,,,0
54,240363,Ap1,Auger,Lucy,0-18,18,C,10YR4/4,5.15,86.3,8.55,LS,,LS,,1FGr,L,,5/29/2024,,,,,,,,,,,,,,,0
54,240364,Ap2,Auger,Lucy,18-36,18,C,7.5YR4/4,10.05,79.2,10.75,SL,,SL,,1FSBK,VFR,,5/29/2024,,,,,,,,,,,,,,,0
54,240365,Bt2,Auger,Lucy,88-153+,65,,2.5YR4/8,60.15,34.05,5.8,C ,,SCL,,2MSBK,FR,,5/29/2024,,,,,,,,,,,,,,,0
54,240366,Bt1,Auger,Lucy,36-88,52,C,2.5YR4/6,58.55,33.9,7.55,C ,,SCL,,2MSBK,FR,,5/29/2024,,,,,,,,,,,,,,,0
62,240367,Ap,Auger,Greenville,0-26,26,A,10YR4/4,5.2,86.65,8.15,LS,,SL,6,1FGr,VFR,10%  10YR 5/6 bodies,5/29/2024,,,,,Yes,,,,,,,,,,0
62,240368,Bt1,Auger,Greenville,26-51,25,C,2.5YR4/6,41.1,48.75,10.15,SC,,SCL,22,2MSBK,FR,,5/29/2024,,,,,,,,,,,,,,,0
62,240369,Bt2,Auger,Greenville,51-109,58,C,2.5YR3/6,54.15,39,6.85,C ,,SCL,27,2MSBK,FR,,5/29/2024,,,,,,,,,,,,,,,0
62,240370,Bt3,Auger,Greenville,109-150+,41,,2.5YR3/6,68.15,28.25,3.6,C ,,C,32,2MSBK,FR,,5/29/2024,,,,,,,,,,,,,,,0
63,240373,Bt1,Auger,Faceville,45-116,71,G,2.5YR4/6,66.5,28.05,5.45,C ,,C,,2CSBK,FT,,5/29/2024,,,,,,,,,,,,,,,0
63,240371,Ap1,Auger,Faceville,0-26,26,C,10YR3/3,7.455,80.7,11.845,LS,,LS,,1FGr,FR,5% 5YR4/4 bodies,5/29/2024,,,,,Yes,,,,,,,,,,0
63,240374,Bt2,Auger,Faceville,116-152+,36,,2.5YR4/6,66.75,28.4,4.85,C ,,CL,,2MSBK,FR,,5/29/2024,,,,,,,,,,,,,,,0
63,240372,Ap2,Auger,Faceville,26-45,19,A,10YR3/3,7.51,79.95,12.54,LS,,SL,,1MSBK,FR,20% 10YR3/2 bodies,5/29/2024,,,,,,,,,,,,,,,0
55,250197,Ap,Auger,Greenville,0-35,35,A,7.5YR4/4,10.3,76.9,12.8,SL,,,,1MGr,,,5/20/2025,,,,,,,,,,,,,,,0
55,250198,Bt1,Auger,Greenville,35-55,20,C,5YR4/6,44,43.8,12.2,C,,,,2MSBK,,few charcoal,5/20/2025,,,Yes,,,,,,,,,,,,0
55,250199,Bt2,Auger,Greenville,55-100,45,Gr,2.5YR4/6,58.25,32.45,9.3,C,,,,2MSBK,,few charcoal fragments- large,5/20/2025,,,Yes,,,,,,,,,,,,0
55,250200,Bt3,Auger,Greenville,100-150+,50,,2.5YR3/6,76.85,19.2,3.95,C,,,,2MSBK,,few charcoal fragments. Mn present.,5/20/2025,,,Yes,,,,,,,,,,,,0
70,250201,Ap,Auger,Greenville,0-29,29,A,7.5YR4/3,8.89,77.4,13.71,SL,,,,1MGr,,,3/20/2025,,,,,,,,,,,,,,,0
70,250202,BA,Auger,Greenville,29-60,31,C,2.5YR4/6,53.4,35.6,11,C,,,,1MSBK,,few charcoal,3/20/2025,,,Yes,,,,,,,,,Yes,,,0
70,250203,Bt1,Auger,Greenville,60-115,55,Gr,2.5YR3/6,92.2,6.44,1.36,C,,,,2MSBK,,few charcoal,3/20/2025,,,Yes,,,,,,,,,,,,0
70,250204,Bt2,Auger,Greenville,115-150+,139,,2.5YR3/6,100,0,0,C,,,,2MSBK,,,3/20/2025,,,,,,,,,,,,,,,0
71,250205,Ap1,Auger,,0-33,33,A,10YR3/2,13,67.2,19.8,SL,,,,1MGr,,,3/20/2025,,,,,,,,,,,,,,,0
71,250206,BA,Auger,,33-44,11,C,7.5YR3/4,21.1,61.8,17.1,SCL,,,,1MGr,,,3/20/2025,,,,,,,,,,,,Yes,,,0
71,250207,Bt1,Auger,,44-71,27,C,5YR3/4,37.25,48.2,14.55,SC,,,,1MSBK,,common charcoal ,3/20/2025,,,Yes,,,,,,,,,,,,0
71,250208,Bt2,Auger,,71-110,39,Gr,2.5YR3/4,75.8,18.1,6.1,C,,,,2MSBK,,few charcoal,3/20/2025,,,Yes,,,,,,,,,,,,0
71,250209,Bt3,Auger,,110-150+,40,,2.5YR3/6,71.1,24.55,4.35,C,,,,2MSBK,,,3/20/2025,,,,,,,,,,,,,,,0
72,250210,Ap,Auger,,0-20,20,C,10YR3/4,16.5,73.5,10,SL,,,,1MGr,,,3/20/2025,,,,,,,,,,,,,,,0
72,250211,BA,Auger,,20-40,20,Gr,5YR4/6,45.95,43.9,10.15,C,,,,1MSBK,,"organic stains, Mn",3/20/2025,,,Yes,,,,,,,,,Yes,,,0
72,250212,Bt1,Auger,,40-78,38,Gr,2.5YR4/6,53.1,37.8,9.1,C,,,,2MSBK,,,3/20/2025,,,,,,,,,,,,,,,0
72,250213,Bt2,Auger,,78-150+,72,,2.5YR3/6,70.8,25.7,3.5,C,,,,2MSBK,,"sub-rounded quartz fragments, fine",3/20/2025,,,,,,,,,,,,,,,0
73,250214,^Ap,Auger,,0-15,15,C,7.5YR4/6,8.79,84.1,7.11,LS,,,,1MGr,,"peanut residue, charcoal",3/20/2025,,,Yes,,,Yes,,,,,,,,,1
73,250215,^C1,Auger,,15-43,28,C,5YR4/6,19.55,74.05,6.4,SL,,,,SLSMa,,FILL,3/20/2025,,,,,,Yes,,,,,,,,,1
73,250216,^C2,Auger,,43-84,41,Gr,5YR3/4,11.15,82.6,6.25,LS,,,,SLSMa,,FILL,3/20/2025,,,,,,Yes,,,,,,,,,1
73,250217,^C3,Auger,,84-125,41,A,7.5YR5/6,6.26,88.1,5.64,LS,,,,SLSMa,,organic matter throughout ,3/20/2025,,,,,,Yes,,,,,,,,,1
73,250218,2Bt,Auger,,125-150+,25,,2.5YR4/8,47.95,44.6,7.45,C,,,,2MSBK,,,3/20/2025,,,,,,,,,,,,,,,1
79,250219,Ap1,Auger,,0-28,28,C,10YR4/3,4.535,90.5,4.965,S,,,,1MGr,,,3/20/2025,,,,,,,,,,,,,,,0
79,250220,Ap2,Auger,,28-41,13,C,7.5YR4/4,9.54,84.1,6.36,LS,,,,1MSBK,,"organic stains, common yellow concentrations",3/20/2025,,,,,Yes,,,,,,,,,,0
79,250221,AE,Auger,,41-60,19,Gr,5YR4/6,14,79,7,SL,,,,1MSBK,,"organic stains, common yellow concentrations, 5YR5/8",3/20/2025,,,,,Yes,,,,,,Yes,,,,0
79,250222,BE,Auger,,60-102,42,Gr,5YR4/6,9.035,84.2,6.765,LS,,,,1MSBK,,few 5YR5/8,3/20/2025,,,,,Yes,,,,,,,,,Yes,0
79,250223,Bt1,Auger,,102-118,16,Gr,5YR4/6,21.4,72,6.6,SCL,,,,1MSBK,,roots present,3/20/2025,,,,,,,,,,,,,,,0
79,250224,Bt2,Auger,,118-150+,32,,2.5YR4/6,41.9,54.25,3.85,SC,,,,2MSBK,,,3/20/2025,,,,,,,,,,,,,,,0
80,250225,Ap1,Auger,,0-23,23,,10YR3/3,6.265,89.5,4.235,S,,,,1MGr,,,3/20/2025,,,,,,,,,,,,,,,0
80,250226,Ap2,Auger,,23-44,21,,10YR5/3,5.945,88.05,6.005,S,,,,1MGr,,,3/20/2025,,,,,,,,,,,,,,,0
80,250227,AE,Auger,,44-85,41,,10YR4/4,7.78,85.2,7.02,LS,,,,2MSBK,,"few depletions, organic staining, 5YR 5/3",3/20/2025,,,,Yes,,,,,,,Yes,,,,0
80,250228,BE,Auger,,85-135,50,,7.5YR5/6,7.055,86.05,6.895,LS,,LS,,1MSBK,,"common depletions, 7.5YR5/4",3/20/2025,,,,Yes,,,,,,,,,,Yes,0
80,250229,Bt,Auger,,135-150+,15,,5YR5/8,22.15,72.85,5,SCL,,SL,,1MSBK,,few depletions 7.5YR5/4,3/20/2025,,,,Yes,,,,,,,,,,,0
59,250230,^C,Auger,,0-50+,50,,2.5YR4/4,49.7,40.5,9.8,C,,,,2MSBK,,Fill. Did not go farther than 50 cm,5/20/2025,,,,,,Yes,,,,,,,,,0
57,250231,Ap,Auger,,0-25,25,C,10YR3/2,31.9,29.7,38.4,ClLo,,,,,,,5/20/2025,,,,,,,,,,,,,,,0
57,250232,BA,Auger,,25-45,20,C,2.5YR3/3,43.6,35.7,20.7,C,,,,,,,5/20/2025,,,,,,,,,,,,Yes,,,0
57,250233,Bt1,Auger,,45-81,36,C,2.5YR3/4,63.5,25.8,10.7,C,,,,,,"common charcoal fragments, large",5/20/2025,,,Yes,,,,,,,,,,,,0
57,250234,Bt2,Auger,,81-125,44,Gr,2.5YR3/6,94.8,4.84,0.36,C,,,,,,"common charcoal fragments, large",5/20/2025,,,Yes,,,,,,,,,,,,0
57,250235,Bt3,Auger,,125-150+,25,,2.5YR4/6,99,0.97,0.03,C,,,,,,"common charcoal fragments, large",5/20/2025,,,Yes,,,,,,,,,,,,0
56,250236,Ap,Auger,Greenville,0-32,32,C,7.5YR4/4,6.14,83.8,10.06,LS,,,,1MGr,L,,5/20/2025,,,,,,,,,,,,,,,0
56,250237,Bt1,Auger,Greenville,32-57,25,Gr,2.5YR4/6,54.3,36.05,9.65,C,,,,2MSBK,FR,few charcoal fragments and organic stains,5/20/2025,,,Yes,,,,,,,,,,,,0
56,250238,Bt2,Auger,Greenville,57-115,58,Gr,2.5YR4/6,99.5,0.5,0,C,,,,2MSBK,FR,,5/20/2025,,,,,,,,,,,,,,,0
56,250239,Bt3,Auger,Greenville,115-150+,35,,2.5YR4/6,99.6,0.37,0.03,C,,,,2MSBK,FR,,5/20/2025,,,,,,,,,,,,,,,0
66,250240,Ap,Auger,,0-35,35,Gr,10YR4/3,5.31,84.9,9.79,LS,,,,1MGr,,,5/29/2024,,,,,,,,,,,,,,,0
66,250241,Bt1,Auger,,35-62,27,C,5YR4/6,41,46,13,SC,,,,1MSBK,,organic stains,5/29/2024,,,,,,,,,,,,,,,0
66,250242,Bt2,Auger,,62-100,38,Gr,2.5YR4/8,67.4,24.7,7.9,C,,,,2MSBK,,"organic stains, rounded quartz",5/29/2024,,,,,,,,,,,,,,,0
66,250243,Bt3,Auger,,100-150,50,,2.5YR3/6,98.1,1.58,0.32,C,,,,2MSBK,,,5/29/2024,,,,,,,,,,,,,,,0
67,250244,Ap,Auger,Greenville,0-20,20,A,7.5YR4/4,7.8,82.4,9.8,LS,,,,1MGr,,,5/29/2024,,,,,,,,,,,,,,,0
67,250245,Bt1,Auger,Greenville,20-58,38,Gr,2.5YR4/6,62.3,28.2,9.5,C,,,,2MSBK,,"organic stains, charcoal few",5/29/2024,,,,,,,,,,,,,,,0
67,250246,Bt2,Auger,Greenville,58-106,48,Gr,2.5YR4/6,100,0,0,C,Yes,,,2MSBK,,charcoal few,5/29/2024,,,Yes,,,,,,,,,,,,0
67,250247,Bt3,Auger,Greenville,106-150+,44,,2.5YR3/6,100,0,0,C,Yes,,,2MSBK,,,5/29/2024,,,,,,,,,,,,,,,0
64,250248,Ap1,Auger,Greenville,0-30,30,C,7.5YR3/3,5.89,83.9,10.21,LS,,,,1MGr,,,5/29/2024,,,,,,,,,,,,,,,0
64,250249,Ap2,Auger,Greenville,30-41,11,A,5YR3/4,17.2,68.3,14.5,SL,,,,1MGr,,long organic stains from roots,5/29/2024,,,,,,,,,,,,,,,0
64,250250,BA,Auger,Greenville,41-61,20,Gr,2.5YR4/6,67.6,24,8.4,C,,,,2MSBK,,"common orgainic stains, few rounded quartz",5/29/2024,,,,,,,,,,,,Yes,,,0
64,250251,Bt1,Auger,Greenville,61-111,50,Gr,2.5YR3/6,100,0,0,C,,,,2MSBK,,organic stains,5/29/2024,,,,,,,,,,,,,,,0
64,250252,Bt2,Auger,Greenville,111-150+,39,,2.5YR3/6,100,0,0,C,,,,2MSBK,,,5/29/2024,,,,,,,,,,,,,,,0
75,250253,Ap1,Auger,Greenville,0-17,17,C,10YR3/4,6.52,81.2,12.28,LS,,LS,,1MGr,,,3/20/2025,,,,,,,,,,,,,,,0
75,250254,Ap2,Auger,Greenville,17-28,11,C,7.5YR4/3,6.69,81.2,12.11,LS,,Sl,,1MSBK,,,3/20/2025,,,,,,,,,,,,,,,0
75,250255,BA,Auger,Greenville,28-46,18,C,2.5YR4/6,41.833333,45.16667,13,SC,,SCL,,2MSBK,,"organic staining from roots, roots present",3/20/2025,,,,,,,,,,,,Yes,,,0
75,250256,Bt1,Auger,Greenville,46-75,29,C,2.5YR4/6,60.5,31.3,8.2,C,,SCL,,2MSBK,,,3/20/2025,,,,,,,,,,,,,,,0
75,250257,Bt2,Auger,Greenville,75-150+,75,,2.5YR3/6,78.2,18.3,3.5,C,,C,,2CoSBK,,possibly CL,3/20/2025,,,,,,,,,,,,,,,0
78,250258,Ap1,Auger,,0-17,17,C,10YR4/3,4.82,89.25,5.93,S,,,,1MGr,,,3/20/2025,,,,,,,,,,,,,,,0
78,250259,Ap2,Auger,,17-31,14,C,10YR4/3,5.226667,89.73333,5.04,S,,,,1MGr,,,3/20/2025,,,,,,,,,,,,,,,0
78,250260,AE,Auger,,31-60,29,C,7.5YR4/6,13.6,78.15,8.25,SL,,,,1MSBK,,,3/20/2025,,,,,,,,,,,Yes,,,,0
78,250261,E,Auger,,60-107,47,C,7.5YR5/8,8.73,83.1,8.17,LS,,,,1MSBK,,organic stains,3/20/2025,,,,,,,,,,,,,,,0
78,250262,Bt,Auger,,107-150+,43,,5YR5/6,30.5,62,7.5,SCL,,,,1MSBK,,"few depletions along root channels, <1% charcoal",3/20/2025,,,Yes,Yes,,,,,,,,,,,0
76,250263,Ap1,Auger,Greenville,0-20,20,C,7.5YR4/3,6.86,80.8,12.34,LS,,,,1MGr,L,,3/20/2025,,,,,,,,,,,,,,,0
76,250264,Ap2,Auger,Greenville,20-33,13,C,7.5YR4/3,6.96,80.4,12.64,LS,,,,1MGr,L,,3/20/2025,,,,,,,,,,,,,,,0
76,250265,BA,Auger,Greenville,33-48,15,C,5YR4/4,12.6,71.3,16.1,SL,,,,1MSBK,VFR,organic stains,3/20/2025,,,,,,,,,,,,Yes,,,0
76,250266,Bt1,Auger,Greenville,48-67,19,C,2.5YR4/6,32.4,53.5,14.1,SCL,,,,2MSBK,FR,common 7.5YR5/6,3/20/2025,,,,,Yes,,,,,,,,,,0
76,250267,Bt2,Auger,Greenville,67-89,22,C,2.5YR3/6,48.5,41.5,10,C,,,,2MSBK,FR,,3/20/2025,,,,,,,,,,,,,,,0
76,250268,Bt3,Auger,Greenville,89-130,41,Gr,2.5YR3/6,73,21.7,5.3,C,,,,2MSBK,FR,,3/20/2025,,,,,,,,,,,,,,,0
76,250269,Bt4,Auger,Greenville,130-150+,20,,2.5YR3/6,100,0,0,C,,,,2MSBK,FR,few 7.5YR5/8,3/20/2025,,,,,,,,,,,,,,,0
77,250270,Ap1,Auger,,0-27,27,C,10YR3/3,8.35,76.9,14.75,SL,,,,1MGr,,,3/20/2025,,,,,,,,,,,,,,,0
77,250271,Ap2,Auger,,27-46,19,C,10YR3/3,9.5,74.8,15.7,SL,,,,1MGr,,Charcoal present,3/20/2025,,,Yes,,,,,,,,,,,,0
77,250272,AE,Auger,,46-71,25,Gr,7.5YR4/6,18.3,67.2,14.5,SL,,,,1MSBK,,organic stains. Possibly AB?,3/20/2025,,,,,,,,,,,Yes,,,,0
77,250273,BE,Auger,,71-104,33,C,5YR4/6,26.8,59.8,13.4,SCL,,LS,,1MSBK,,organic stains. Possibly BA?,3/20/2025,,,,,,,,,,,,,,Yes,0
77,250274,Bt1,Auger,,104-112,8,C,2.5YR4/6,43.4,46,10.6,SC,,,,2MSBK,,,3/20/2025,,,,,,,,,,,,,,,0
77,250275,Bt2,Auger,,112-150+,38,,2.5YR4/6,72.9,22.6,4.5,C,,,,3CoSBK,,,3/20/2025,,,,,,,,,,,,,,,0
1,250308,Ap,Probe,,0-28,28,Ab,10YR4/2,6.265,82.2,11.535,LS,,LS,,1MGr,VF,near standing water on edge of field,4/16/2025,,,,,,,,,,,,,,,0
1,250309,AB,Probe,,28-52,24,C,7.5YR4/6,28.3,57.8,13.9,SCL,,SL,10,,FR,Plowpan,4/16/2025,,,,,,,,,,Yes,,,,,0
1,250310,Bt1,Probe,,52-92,40,C,7.5YR4/6,24.95,60.15,14.9,SCL,,SL,,,VF,,4/16/2025,,,,,,,,,,,,,,,0
1,250311,Bt2,Probe,,92-115,23,Ab,7.5YR4/6,18.15,66.05,15.8,SL,,SL,15,,,charcoal present,4/16/2025,,,Yes,,,,,,,,,,,,0
1,250312,Ab,Probe/Auger,,115-135,20,C,7.5YR3/4,12.35,73.25,14.4,SL,,SL,8,,,"charcoal present, org stain",4/16/2025,,,Yes,,,,,,Yes,,,,,,0
1,250313,Btb1,Auger,,135-165,30,C,7.5YR5/8,19.7,67.8,12.5,SL,,SL,15,,,bleached root channels/ charcoal present,4/16/2025,,,Yes,,,,,,Yes,,,,,,0
1,250314,Btb2,Auger,,165-190+,25,,7.5YR5/8,19.1,70.1,10.8,SL,,SL,12,,,"depletions, 10YR7/4, common. POINT 1 ",4/16/2025,,,,Yes,,,,,Yes,,,,,,0
2,250315,Ap,Probe,Greenville,0-23,23,Ab,7.5YR4/4,5.54,85.55,8.91,LS,,,,1MGr,,,4/16/2025,,,,,,,,,,,,,,,1
2,250316,Bt1,Probe,Greenville,23-50,27,C,2.5YR3/6,43.95,45.05,11,SC,,,,2MSBK,,organic stains,4/16/2025,,,,,,,,,,,,,,,1
2,250317,Bt2,Probe,Greenville,50-80,30,Gr,2.5YR4/6,55.15,35.4,9.45,C,,,,2MSBK,,"charcoal, organic stains, ironstone",4/16/2025,,,Yes,,,,,,,,,,,,1
2,250318,Bt3,Probe/Auger,Greenville,80-125,45,Gr,2.5YR4/6,65.3,29.05,5.65,C,,,,2MSBK,,,4/16/2025,,,,,,,,,,,,,,,1
2,250319,Bt4,Auger,Greenville,125-152+,27,,2.5YR4/6,54.05,38.8,7.15,C,,,,2MSBK,,,4/16/2025,,,,,,,,,,,,,,,1
3,250320,Ap,Probe,Greenville,0-39,39,C,10YR3/2,12.5,68.05,19.45,SL,,,,1MGr,,VF roots,4/16/2025,,,Yes,,,,,,,,,,,,1
3,250321,Bt1,Probe,Greenville,39-62,23,C,5YR4/4,37.2,49.1,13.7,SC,,,,1MSBK,,"organic stains, charcoal, VFroots, common",4/16/2025,,,Yes,,,,,,,,,,,,1
3,250322,Bt2,Probe,Greenville,62-108,46,C,5YR4/6,55.05,35.65,9.3,C,,,,2MSBK,,"manganese, charcoal, VF roots, few 5YR5/6 concentrations",4/16/2025,,,,,Yes,,,,,,,,,,1
3,250323,Bt3,Probe/Auger,Greenville,108-150+,42,,2.5YR4/6,58.5,34.45,7.05,C,,,,2MSBK,,VF roots,4/16/2025,,,,,,,,,,,,,,,1
4,250324,Ap,Probe,,0-30,30,Ab,7.5YR3/3,5.32,87.95,6.73,S,,,,1MGr,,F roots common,4/17/2025,,,,,,,,,,,,,,,1
4,250325,Bt1,Probe,,30-75,45,C,2.5YR4/6,37.55,52.8,9.65,SC,,,,2MSBK,,"org stains, bleached root channels, F roots common",4/17/2025,,,,,,,,,,,,,,,1
4,250326,Bt2,Probe/Auger,,75-150+,75,,2.5YR4/8,33.7,57.6,8.7,SCL,,,,1MSBK,,F roots common,4/17/2025,,,,,,,,,,,,,,,1
5,250327,Ap,Probe,,0-35,35,C,10YR4/3,4.845,86.6,8.555,LS,,,,1MGr,,VF roots,4/17/2025,,,,,,,,,,,,,,,1
5,250328,AE,Probe,,35-50,15,C,10YR5/4,8.725,76.7,14.575,SL,,,,1MGr,,VF roots,4/17/2025,,,,,,,,,,,Yes,,,,1
5,250329,Bt1,Probe,,50-86,36,Gr,7.5YR4/6,11.7,73.35,14.95,SL,,,,1MSBK,,4cm sphere ball @ 70cm. VF roots,4/17/2025,,,,,,,,,,,,,,,1
5,250330,Bt2,Probe/Auger,,86-126,40,C,7.5YR4/6,13.55,72.7,13.75,SL,,,,1MSBK,,"bleached root channels, 7.5YR6/3 , common.  VF roots",4/17/2025,,,,,,,,,,,,,,,1
5,250331,Bt3,Auger,,126-150+,24,,7.5YR5/8,49.55,42.5,7.95,C,,,,2MSBK,,few org stains VF roots. few subrounded quartz,4/17/2025,,,,,,,,,,,,,,,1
6,250332,Ap,Probe,,0-28,28,A,10YR4/3,5.65,83.85,10.5,LS,,,,1MGr,,,4/17/2025,,,,,,,,,,,,,,,1
6,250333,BA,Probe,,28-49,21,C,7.5YR4/4,26.85,60.2,12.95,SCL,,,,1MSBK,,50% split with 7.5YR4/6,4/17/2025,,,,,,,,,,,,Yes,,,1
6,250334,Bt1,Probe,,49-69,20,C,10YR5/6,27.45,59.4,13.15,SCL,,,,1MSBK,,org stains common,4/17/2025,,,,,,,,,,,,,,,1
6,250335,Bt2,Probe,,69-95,26,C,7.5YR5/8,40.8,49,10.2,SC,,,,1MSBK,,,4/17/2025,,,,,,,,,,,,,,,1
6,250336,Bt3,Probe/Auger,,95-155+,60,,7.5YR5/8,49.95,42.05,8,C,,,,2CoSBK,,VF roots ,4/17/2025,,,,,,,,,,,,,,,1
7,250337,Ap,Probe,,0-12,12,Ab,10YR3/2,8.295,76.75,14.955,SL,,,,1MGr,,,4/16/2025,,,,,,,,,,,,,,,1
7,250338,AE,Probe,,Dec-32,20,Ab,10YR4/4,6.46,83.35,10.19,LS,,,,1MSBK,,,4/16/2025,,,,,,,,,,,Yes,,,,1
7,250339,AB,Probe,,32-54,22,C,10YR3/3,9.39,74.15,16.46,SL,,,,2MSBK,,,4/16/2025,,,,,,,,,,Yes,,,,,1
7,250340,Bt1,Probe,,54-70,16,C,2.5Y5/4,30.65,54.7,14.65,SCL,,,,2MSBK,,"iron concentrations, org stains.",4/16/2025,,,,,Yes,,,,,,,,,,1
7,250341,Bt2,Probe,,70-99,29,C,2.5Y5/4,39.15,47.8,13.05,SC,,,,2CoSBK,,"iron concentrations, 10YR5/8, 5%.",4/16/2025,,,,Yes,Yes,,,,,,,,,,1
7,250342,Bt3,Probe,,99-130,31,C,2.5Y5/6,15.1,76.25,8.65,SL,,,,2CoSBK,,"gleyed 2.5Y6/2,  25%. Few 7.5YR4/6 concentrations.",4/16/2025,,,,Yes,Yes,,,,,,,,,,1
7,250343,BCg,Probe/Auger,,130-150+,20,,5Y8/1,3.8,92.3,3.9,S,,,,1CoSBK,,"gleyed matrix, few conc 10YR5/6 , 15%.",4/16/2025,,,,Yes,,,,,,,,,Yes,,1
10,250344,Ap,Probe,,0-25,25,Ab,10YR4/4,7.275,79.5,13.225,LS,,,,1MGr,,VF roots ,4/16/2025,,,,,,,,,,,,,,,1
10,250345,BA,Probe,,25-45,20,C,7.5YR4/4,36.7,49.45,13.85,SC,,,,2CoSBK,,VF roots ,4/16/2025,,,,,,,,,,,,Yes,,,1
10,250346,Bt1,Probe,,45-70,25,C,7.5YR4/6,37.8,48.05,14.15,SC,,,,2MSBK,,VF roots ,4/16/2025,,,,,,,,,,,,,,,1
10,250347,Bt2,Probe,,70-104,34,C,7.5YR4/6,38.6,49.6,11.8,SC,,,,2CoSBK,,"VF roots , bleached root channels",4/16/2025,,,,,,,,,,,,,,,1
10,250348,Bt3,Probe/Auger,,104-150+,46,,10YR5/8,35.25,55.05,9.7,SC,,,,2CoSBK,,VF roots ,4/16/2025,,,,,,,,,,,,,,,1
11,250349,Ap,Probe,,0-22,22,C,10YR3/4,5.4,85.45,9.15,LS,,,,1MGr,,,4/16/2025,,,,,,,,,,,,,,,1
11,250350,BA,Probe,,22-41,19,C,10YR3/6,17.7,67.2,15.1,SL,,,,1MSBK,,"VF roots, org stains",4/16/2025,,,,,,,,,,,,Yes,,,1
11,250351,Bt1,Probe,,41-81,40,Gr,7.5YR4/6,22.7,62.9,14.4,SCL,,,,2CoSBK,,"VF roots, org stains",4/16/2025,,,,,,,,,,,,,,,1
11,250352,Bt2,Probe/Auger,,81-112,31,Gr,5YR4/6,33.95,54.2,11.85,SCL,,,,2CoSBK,,"VF roots, common, redox at 110",4/16/2025,,,,,,,,,,,,,,,1
11,250353,Bt3,Auger,,112-150+,38,,10YR5/6,31.3,57.6,11.1,SCL,,,,1MSBK,,5YR4/6 many... was above matrix. depletions present,4/16/2025,,,,Yes,Yes,,,,,,,,,,1
12,250354,Ap,Probe,,0-29,29,Ab,10YR4/3,6.51,83.9,9.59,LS,,,,1MGr,,VF roots,4/16/2025,,,,,,,,,,,,,,,1
12,250355,BA,Probe,,29-41,12,C,7.5YR3/4,30.5,56.3,13.2,SCL,,,,2MSBK,,VF roots,4/16/2025,,,,,,,,,,,,Yes,,,1
12,250356,Bt1,Probe,,41-68,27,Gr,5YR4/4,27.1,58.45,14.45,SCL,,,,2MSBK,,VF roots,4/16/2025,,,,,,,,,,,,,,,1
12,250357,Bt2,Probe/Auger,,68-118,50,Gr,5YR4/6,32.4,57.25,10.35,SCL,,,,2MSBK,,VF roots,4/16/2025,,,,,,,,,,,,,,,1
12,250358,Bt3,Auger,,118-154+,36,,5YR4/6,29.85,60.35,9.8,SCL,,,,2MSBK,,VF roots,4/16/2025,,,,,,,,,,,,,,,1
13,250359,Ap,Probe,,0-30,30,Ab,10YR4/6,5.14,87.05,7.81,LS,,,,1MGr,,F roots,4/17/2025,,,,,,,,,,,,,,,1
13,250360,BA,Probe,,30-45,15,C,10YR5/6,17.55,69,13.45,SL,,,,2MSBK,,F roots,4/17/2025,,,,,,,,,,,,Yes,,,1
13,250361,Bt1,Probe,,45-75,30,C,7.5YR5/8,25.4,61.3,13.3,SCL,,,,2MSBK,,F roots,4/17/2025,,,,,,,,,,,,,,,1
13,250362,Bt2,Probe,,75-89,14,C,7.5YR5/8,28.95,58.65,12.4,SCL,,,,2MSBK,,F roots,4/17/2025,,,,,,,,,,,,,,,1
13,250363,Bt3,Probe/Auger,,89-135,46,C,10YR5/8,33.35,56.9,9.75,SCL,,,,2CoSBK,,"F roots, sub rounded rock frags",4/17/2025,,,,,,,,,,,,,,,1
13,250364,Bt4,Auger,,135-150+,15,,10YR6/8,39.1,51.9,9,SC,,,,2CoSBK,,"Fe masses, 2.5YR4/6, 5%. sub rounded rock frags.",4/17/2025,144,,,,,,,,,,,,,,1
14,250365,Ap,Probe,,0-29,29,Ab,10YR3/4,4.11,89.05,6.84,S,,,,1MGr,,VF roots,4/17/2025,,,,,,,,,,,,,,,1
14,250366,Bt1,Probe,,29-51,22,C,5YR4/4,24.75,62.35,12.9,SCL,,,,2MSBK,,"VF roots, org stains",4/17/2025,,,,,,,,,,,,,,,1
14,250367,Bt2,Probe,,51-93,42,C,5YR4/6,37.2,51.3,11.5,SC,,,,2MSBK,,"VF roots. charcoal, few org stains",4/17/2025,,,Yes,,,,,,,,,,,,1
14,250368,Bt3,Probe/Auger,,93-150+,57,,2.5YR4/6,47.65,44.55,7.8,C,,,,2MSBK,,"VF roots, sub rounded quartz, small few.",4/17/2025,,,,,,,,,,,,,,,1
15,250369,Ap,Probe,,0-28,28,C,10YR4/2,5.425,85.1,9.475,LS,,,,1MGr,,,4/17/2025,,,,,,,,,,,,,,,1
15,250370,Bt1,Probe,,28- 65,37,C,10YR5/6,32.85,53.45,13.7,SCL,,,,2CoSBK,,,4/17/2025,,,,,,,,,,,,,,,1
15,250371,Bt2,Probe,,65-87,22,C,10YR5/8,26.4,60.95,12.65,SCL,,,,2CoSBK,,10YR7/3 few ,4/17/2025,,,,,,,,,,,,,,,1
15,250372,Bt3,Probe/Auger,,87-123,36,Gr,10YR6/8,31.35,58,10.65,SCL,,,,2CoSBK,,"many VF roots, org stains, depletions 2.5Y6/4",4/17/2025,,,,Yes,,,,,,,,,,,1
15,250373,Btv,Auger,,123-150+,27,,10YR6/8,30.2,59.05,10.75,SCL,,,,2CoSBK,,7.5YR4/6 plinthite over 5%,4/17/2025,,,,,,,,Yes,,,,,,,1
20,250374,Ap,Probe,Lakeland?,0-29,29,C,10YR4/3,4.99,86.4,8.61,LS,,,,1MGr,Fr,VF roots,4/16/2025,,,,,,,,,,,,,,,1
20,250375,BA,Probe,Lakeland?,29-52,23,C,7.5YR4/4,13.25,72.45,14.3,SL,,,,1MSBK,F,"charcoal, VF roots",4/16/2025,,,Yes,,,,,,,,,Yes,,,1
20,250376,Bt1,Probe,Lakeland?,52-71,19,C,7.5YR4/6,11.65,74,14.35,SL,,,,1MSBK,VFr,VF roots,4/16/2025,,,,,,,,,,,,,,,1
20,250377,Bt2,Probe/Auger,Lakeland?,71-123,52,C,7.5YR4/6,11.3,75.1,13.6,SL,,,,1MSBK,,"org. mixing; bleached root channels, VF roots",4/16/2025,,,,,,,,,,,,,,,1
20,250378,BC,Auger,Lakeland?,123-150+,27,,7.5YR4/8,6.44,83.15,10.41,LS,,,,1MSBK,L,"depleted root channels, VF roots",4/16/2025,,,,Yes,,,,,,,,,Yes,,1
21,250379,Ap,Probe,,0-27,27,C,10YR4/3,5.705,85,9.295,LS,,,,1MGr,,Fe VF,4/16/2025,,,,,,,,,,,,,,,1
21,250380,BA,Probe,,27-46,19,C,10YR4/4,16.5,67.55,15.95,SL,,,,1MSBK,,"org stain, Fe VF",4/16/2025,,,,,,,,,,,,Yes,,,1
21,250381,Bt1,Probe,,46-73,27,C,10YR5/6,35.85,49.7,14.45,SC,,,,2MSBK,,"org stain, Fe VF",4/16/2025,,,,,,,,,,,,,,,1
21,250382,Bt2,Probe,,73-113,40,C,10YR5/6,41.8,47.4,10.8,SC,,,,2MSBK,,Fe VF,4/16/2025,,,,,,,,,,,,,,,1
21,250383,Bt3,Probe/Auger,,113-152+,39,,10YR5/8,40.45,50.55,9,SC,,,,2MSBK,,Fe VF,4/16/2025,,,,,,,,,,,,,,,1
22,250384,Ap,Probe,,0-22,22,,10YR3/3,4.725,87.35,7.925,LS,,,,1MGr,,,4/16/2025,,,,,,,,,,,,,,,1
22,250385,BA,Probe,,22-41,19,,7.5YR4/4,21.2,65.95,12.85,SCL,,,,2CoSBK,,"org stains, charcoal",4/16/2025,,,Yes,,,,,,,,,Yes,,,1
22,250386,Bt1,Probe,,41-88,47,,5YR4/6,31,56.7,12.3,SCL,,,,2CoSBK,,org stains,4/16/2025,,,,,,,,,,,,,,,1
22,250387,Bt2,Probe/Auger,,88-125,37,,5YR4/8,47.75,44.15,8.1,C,,,,2CoSBK,,VF roots,4/16/2025,,,,,,,,,,,,,,,1
22,250388,Bt3,Auger,,125-150+,25,,7.5YR5/8,48.9,43.86667,7.233333,C,,,,2CoSBK,,,4/16/2025,,,,,,,,,,,,,,,1
24,250389,Ap,Probe,Stilson?,0-35,35,C,10YR3/2,3.85,89.75,6.4,S,,,,1MGr,,many VF roots,4/17/2025,,,,,,,,,,,,,,,1
24,250390,AB,Probe,Stilson?,35-60,25,Gr,10YR3/1,8.665,75.25,16.085,SL,,,,2MSBK,,few VF roots,4/17/2025,,,,,,,,,,Yes,,,,,1
24,250391,Bt1,Probe,Stilson?,60-87,27,C,10YR5/6,12,76.4,11.6,SL,,,,1MSBK,,few VF roots,4/17/2025,,,,,,,,,,,,,,,1
24,250392,Bt2,Probe,Stilson?,87-101,14,C,10YR5/8,45.5,44.25,10.25,C,,,,1MSBK,,few VF roots,4/17/2025,,,,,,,,,,,,,,,1
24,250393,Bt3,Probe,Stilson?,101-136,35,A,10YR4/6,44.6,42.65,12.75,C,,,,1MSBK,,"Mn, many, large, 10YR2/1. many VF roots, ",4/17/2025,,,,,Yes,,,,,,,,,,1
24,250394,Bt4,Probe/Auger,Stilson?,136-150+,14,,10YR5/8,45.533333,43,11.4666667,C,Yes,,,1MSBK,,"few Mn, many soft iron conc. 7.5YR4/6.",4/17/2025,,,,,,,,,,,,,,,1
25,250395,Ap1,Probe,,0-24,24,C,7.5YR4/3,5,85.8,9.2,LS,,,,1MGr,,F roots,4/17/2025,,,,,,,,,,,,,,,1
25,250396,Ap2,Probe,,24-45,21,A,7.5YR4/4,6.265,84.25,9.485,LS,,,,1MGr,,VF roots common,4/17/2025,,,,,,,,,,,,,,,1
25,250397,Ab,Probe,,45-90,45,A,7.5YR3/2,21.5,63.25,15.25,SCL,,,,2MSBK,,moisture present. 5YR4/6 concentrations. VF roots,4/17/2025,,,,,Yes,,,,Yes,,,,,,1
25,250398,Eb1,Probe,,90-117,27,Gr,10YR4/4,8.07,80.35,11.58,LS,,,,1MSBK,,,4/17/2025,,,,,,,,,Yes,,,,,,1
25,250399,Eb2,Probe,,117-163,46,C,10YR5/6,8.58,80.05,11.37,LS,,,,1MSBK,,few 10YR5/8  concentrations,4/17/2025,,,,,Yes,,,,Yes,,,,,,1
25,250400,Eb3,Auger,,163-183,20,C,2.5Y6/4,7.09,82.7,10.21,LS,,,,1MSBK,,"2.5Y7/2 depletions, 5%",4/17/2025,170,,,Yes,,,,,Yes,,,,,,1
25,250401,Btb,Auger,,183-200+,17,,10YR6/6,7.315,83.45,9.235,LS,,,,1MSBK,,"2.5Y7/2 depletions, 3%. 10YR5/6 concentrations, 10%.",4/17/2025,,,,Yes,Yes,,,,Yes,,,,,,1
31,250402,Ap1,Probe,,0-18,18,,10YR4/4,6.15,83.2,10.65,LS,,,,1MGr,,,4/16/2025,,,,,,,,,,,,,,,0
31,250403,Ap2,Probe,Greenville,18-32,14,,7.5YR4/4,26.75,60.15,13.1,SCL,,,,1MGr,,VF root,4/16/2025,,,,,,,,,,,,,,,0
31,250404,Bt1,Probe,Greenville,32-76,44,,2.5YR4/8,42.85,45.7,11.45,SC,,,,2CoSBK,,VF root,4/16/2025,,,,,,,,,,,,,,,0
31,250405,Bt2,Probe,Greenville,76-118,42,,2.5YR4/6,57.25,36.05,6.7,C,,,,2CoSBK,,VF root,4/16/2025,,,,,,,,,,,,,,,0
31,250406,Bt3,Auger,Greenville,118-150+,32,,2.5YR4/6,52.75,39.9,7.35,C,,,,2MSBK,,VF root,4/16/2025,,,,,,,,,,,,,,,0
32,250407,Ap,Probe,,0-10,10,C,10YR4/3,9.18,78.6,12.22,SL,,,,1MGr,,,4/16/2025,,,,,,,,,,,,,,,1
32,250408,BA,Probe,,20-Oct,10,C,7.5YR3/4,27.4,58.75,13.85,SCL,,,,2MSBK,,org stains,4/16/2025,,,,,,,,,,,,Yes,,,1
32,250409,Bt1,Probe,,20-47,27,Gr,7.5YR4/6,36.2,50.3,13.5,SC,,,,2MSBK,,Few org stains,4/16/2025,,,,,,,,,,,,,,,1
32,250410,Bt2,Probe/Auger,,47-112,65,C,7.5YR5/8,43.2,47,9.8,SC,Yes,,,1MSBK,,few charcoal,4/16/2025,,,Yes,,,,,,,,,,,,1
32,250411,Bt3,Auger,,112-150+,38,,10YR5/8,36.55,54.45,9,SC,,,,2MSBK,,,4/16/2025,,,,,,,,,,,,,,,1
33,250412,Ap,Probe,,0-22,22,Ab,10YR4/3,5.13,86.95,7.92,LS,,S,,1MGr,,,4/16/2025,,,,,,,,,,,,,,,1
33,250413,BA,Probe,,22-42,20,C,10YR4/6,20.6,66.7,12.7,SCL,,,,1MSBK,,org stains common,4/16/2025,,,,,,,,,,,,Yes,,,1
33,250414,Bt1,Probe,,42-77,35,Gr,7.5YR4/6,24.1,63.7,12.2,SCL,,,,2MSBK,,VF roots common,4/16/2025,,,,,,,,,,,,,,,1
33,250415,Bt2,Probe/Auger,,77-120,43,Gr,7.5YR5/8,43.1,49.1,7.8,SC,,,,2CoSBK,,VF roots common,4/16/2025,,,,,,,,,,,,,,,1
33,250416,Bt3,Auger,,120-154+,34,,10YR5/8,37.7,55,7.3,SC,,SCL,,2CoSBK,,,4/16/2025,,,,,,,,,,,,,,,1
35,250417,^Ap,Probe,,0-21,21,C,10YR4/4,5.8,90,4.2,S,,,,1MGr,,,4/17/2025,,,,,,Yes,,,,,,,,,1
35,250418,^C1,Probe,,21-70,49,,10YR3/4,13.9,68.4,17.7,SL,,,,SLSMA,,50% 10YR3/3. common charcoal,4/17/2025,,,Yes,,,Yes,,,,,,,,,1
35,250419,^C2,Probe,,70-95,25,,7.5YR4/6,6.48,90.6,2.92,S,,,,SLSSG,,,4/17/2025,,,,,,Yes,,,,,,,,,1
35,250420,Ab,Probe/Auger,,95-129,34,,2.5Y2/1,6.82,81.4,11.78,LS,,,,1MSBK,,50% 10YR3/2.,4/17/2025,,,,,,,,,Yes,,,,,,1
35,250421,Bwb,Auger,,129-145+,16,,10YR5/6,14.8,74.3,10.9,SL,,,,2MSBK,,"50% 10YR5/4. org stains, mystery horizon?",4/17/2025,135 cm,,,,,,,,Yes,,,,,,1
36,250422,Ap,Probe,Orangeburg,0-25,25,C,10YR3/3,7.15,84.9,7.95,LS,,,,1MGr,,F/VF roots,4/17/2025,,,,,,,,,,,,,,,1
36,250423,BA,Probe,Orangeburg,25-39,14,C,5YR4/4,23.1,67.2,9.7,SCL,,,,1CoSBK,,F/VF roots,4/17/2025,,,,,,,,,,,,Yes,,,1
36,250424,Bt1,Probe,Orangeburg,39-70,31,Gr,5YR4/6,31,59,10,SCL,,,,2MSBK,,F/VF roots,4/17/2025,,,,,,,,,,,,,,,1
36,250425,Bt2,Probe,Orangeburg,70-96,26,Gr,5YR4/6,29.2,61,9.8,SCL,,,,1MSBK,,"common bleached root channels, F/VF roots",4/17/2025,,,,,,,,,,,,,,,1
36,250426,Bt3,Probe/Auger,Orangeburg,96-150+,54,,2.5YR4/8,33.9,58.5,7.6,SCL,,,,1MSBK,,"few bleached root channels, F/VF roots",4/17/2025,,,,,,,,,,,,,,,1
41,250427,Ap,Probe,,0-19,19,C,10YR3/3,7.81,80.1,12.09,LS,,,,1FGr,,VF roots common,4/16/2025,,,,,,,,,,,,,,,0
41,250428,AB,Probe,,19-54,35,C,7.5YR3/4,19.2,67,13.8,SL,,,,1MSBK,,"org stains and charcoal,VF roots common",4/16/2025,,,Yes,,,,,,,Yes,,,,,0
41,250429,Bt1,Probe,,54-114,60,Gr,5YR4/6,34.3,55,10.7,SCL,,,,2MSBK,,VF roots common,4/16/2025,,,,,,,,,,,,,,,0
41,250430,Bt2,Auger,,114-150+,36,,5YR4/6,36.2,55.2,8.6,SC,,,,2MSBK,,,4/16/2025,,,,,,,,,,,,,,,0
42,250431,Ap1,Probe,Dothan,0-23,23,C,10YR4/3,7.35,83.8,8.85,LS,,,,1MGr,,,4/16/2025,,,,,,,,,,,,,,,1
42,250432,Ap2,Probe,Dothan,23-39,16,Ab,10YR4/4,7.54,83.9,8.56,LS,,,,1MGr,,,4/16/2025,,,,,,,,,,,,,,,1
42,250433,Bt1,Probe,Dothan,39-70,31,C,10YR5/6,26.8,61.4,11.8,SCL,,,,2CoSBK,,,4/16/2025,,,,,,,,,,,,,,,1
42,250434,Bt2,Probe,Dothan,70-105,35,C,10YR5/8,45.6,45.1,9.3,SC,,,,2CoSBK,,"plinthite, soft, 5%",4/16/2025,,,,,,,,,,,,,,,1
42,250435,Btv1,Probe/Auger,Dothan,105-140,35,C,10YR5/8,49,41.8,9.2,C,,,,2CoSBK,,"few 2.5Y7/2 depletions, plinthite 5YR4/6 10%, iron conc 7.5YR5/8 10%",4/16/2025,,,,Yes,Yes,,,Yes,,,,,,,1
42,250436,Btv2,Auger,Dothan,140-150+,10,,10YR5/6,49,43.7,7.3,C,,,,2CoSBK,,"plinthite, 2.5YR4/8, 25%",4/16/2025,,,,,,,,Yes,,,,,,,1
43,250437,Ap,Probe,,0-31,31,Ab,10YR4/2,5.92,83.4,10.68,LS,,LS,,1MGr,,,4/16/2025,,,,,,,,,,,,,,,0
43,250438,BE,Probe,,31-63,32,C,10YR5/4,27.8,53.7,18.5,SCL,,SL,,1MSBK,,,4/16/2025,,,,,,,,,,,,,,Yes,0
43,250439,Bt1,Probe/Auger,,63-93,30,C,10YR5/6,17.2,68.9,13.9,SL,,SL,,1MSBK,,"10YR5/8 plinthite, common (3%). org stains. root channel depletions.",4/16/2025,,,,Yes,,,,,,,,,,,0
43,250440,Bt2,Auger,,93-112,19,C,10YR6/4,11.3,76.8,11.9,SL,,SL,,2MSBK,,"10YR5/8 iron concentrations, common(5%)",4/16/2025,,,,,Yes,,,,,,,,,,0
43,250441,Btg,Auger,,112-150+,38,,2.5Y7/2,11.6,75.9,12.5,SL,,LS,,2MSBK,,"10YR5/8 soft iron masses. 5Y7/2 white depletions, many.",4/16/2025,,,,Yes,,,,,,,,,,,0
45,250442,Ap1,Probe,,0-19,,C,7.5YR4/3,7.06,83.2,9.74,LS,,,,1MGr,,many F/VF roots,4/17/2025,,,,,,,,,,,,,,,0
45,250443,Ap2,Probe,,19-35,,Ab,7.5YR4/4,15.6,75,9.4,SL,,,,1CoGr,,somewhat blocky... large biopores. VF roots common. ,4/17/2025,,,,,,,,,,,,,,,0
45,250444,Bt1,Probe,,35-66,,Gr,2.5YR3/6,69,25.6,5.4,C,,,,2CoSBK,,,4/17/2025,,,,,,,,,,,,,,,0
45,250445,Bt2,Probe/Auger,,66-115,,Gr,2.5YR3/6,99.466667,0.43,0.1033333,C,,,,2CoSBK,,,4/17/2025,,,,,,,,,,,,,,,0
45,250446,Bt3,Auger,,115-150+,,,2.5YR3/6,84.6,13.75,1.65,C,,,,2CoSBK,,rounded ironstone.,4/17/2025,,,,,,,,,,,,,,,0
46,250447,Ap,Probe,,0-18,18,Ab,7.5YR4/3,14.2,76.6,9.2,SL,,,,1MGr,,,4/17/2025,,,,,,,,,,,,,,,0
46,250448,BA,Probe,,18-34,16,Ab,5YR4/6,6.02,91.4,2.58,S,,,,1MSBK,,,4/17/2025,,,,,,,,,,,,Yes,,,0
46,250449,Bt1,Probe,,34-87,53,Gr,2.5YR3/6,86.25,11.36,2.39,C,,,,2MSBK,,org stains,4/17/2025,,,,,,,,,,,,,,,0
46,250450,Bt2,Probe/Auger,,87-150+,63,,2.5YR3/6,100,0,0,C,,,,2CoSBK,,,4/17/2025,,,,,,,,,,,,,,,0
52,250451,Ap1,Probe,Candor,0-8,8,C,10YR4/2,5.96,83.3,10.74,LS,,LS,,,,,4/16/2025,,,,,,,,,,,,,,,0
52,250452,Ap2,Probe,Candor,31-Aug,23,C,10YR4/2,5.87,83.4,10.73,LS,,LS,,,,org stains,4/16/2025,,,,,,,,,,,,,,,0
52,250453,AE,Probe,Candor,31-52,21,C,10YR4/3,7.8,80.3,11.9,LS,,LS,,,,org stains,4/16/2025,,,,,,,,,,,Yes,,,,0
52,250454,E1,Probe,Candor,52-74,22,C,7.5YR5/6,8.86,78.2,12.94,SL,,LS,,,,org stains,4/16/2025,,,,,,,,,,,,,,,0
52,250455,E2,Probe,Candor,74-98,24,C,7.5YR6/6,6.91,81.3,11.79,LS,,LS,,,,uncoated grains common,4/16/2025,,,,,,,,,,,,,,,0
52,250456,E3,Probe/Auger,Candor,98-140,42,Gr,7.5YR7/4,5.23,85.6,9.17,LS,,S,,,,"many uncoated sand grains, 7.5YR7/2.",4/16/2025,,,,,,,,,,,,,,,0
52,250457,Bt,Auger,Candor,140-190,50,C,10YR5/8,10.4,78.7,10.9,SL,,SL,,,,"clean sand 25%. 2.5YR6/3 depletions.7.5YR4/6 plinthite, few.",4/16/2025,,,,Yes,,,,,,,,,,,0
52,250458,Btv,Auger,Candor,190-213+,23,,10YR6/6,9.1,81.8,9.1,LS,,SL,,,,"7.5YR4/6 plinthite, 12%. free water.",4/16/2025,,,,,,,,Yes,,,,,,,0
8,250459,Ap,Probe,,0-21,21,C,10YR4/3,4.76,87.5,7.74,S,,,,1MGr,,VF roots,4/30/2025,,,,,,,,,,,,,,,1
8,250460,BE,Probe,,21-45,24,Gr,10YR5/6,9.09,77.9,13.01,SL,,,,1MSBK,,VF roots,4/30/2025,,,,,,,,,,,,,,Yes,1
8,250461,Bt,Probe/Auger,,45-116,71,Gr,7.5YR5/6,16.3,71.1,12.6,SL,,,,1MSBK,,,4/30/2025,,,,,,,,,,,,,,,1
8,250462,Btv,Auger,,116-150+,34,,10YR7/6,26,62.2,11.8,SCL,,,,1MSBK,,"plinthite, common, 7.5YR5/8, 10% is 2.5YR4/8. Clean sand and large alluvial rounded quartz",4/30/2025,158,,,,,,,Yes,,,,,,,1
49,250463,^Ap,Probe,,0-29,29,C,10YR4/4,5.52,84.1,10.38,LS,,,,1MGr,,,4/30/2025,,,,,,Yes,,,,,,,,,0
49,250464,^C1,Probe,,29-43,14,C,7.5YR3/3,14.8,69.9,15.3,SL,,,,SLSMA,,org stains,4/30/2025,,,,,,Yes,,,,,,,,,0
49,250465,^C2,Probe,,43-67,24,C,5YR4/6,30.3,56.3,13.4,SCL,,,,SLSMA,,"many charcoal, 20%",4/30/2025,,,Yes,,,Yes,,,,,,,,,0
49,250466,^C3,Probe,,67-103,36,Gr,7.5YR4/4,31.9,53.9,14.2,SCL,,,,SLSMA,,"few charcoal, 5%",4/30/2025,,,Yes,,,Yes,,,,,,,,,0
49,250467,Bt,Probe/Auger,,103-150+,47,,2.5YR4/6,96.2,3.145,0.655,C,,,,2CoSBK,,,4/30/2025,,,,,,,,,,,,,,,0
17,250468,Ap,Probe,,0-18,18,C,10YR4/3,4.07,89.1,6.83,S,,,,1MGr,,,4/30/2025,,,,,,,,,,,,,,,1
17,250469,BA,Probe,,18-29,11,C,7.5YR4/4,13.8,74.4,11.8,SL,,,,1MSBK,,,4/30/2025,,,,,,,,,,,,Yes,,,1
17,250470,Bt1,Probe,,29-77,48,Gr,7.5YR4/6,14.9,72.2,12.9,SL,,,,1MSBK,,root channels and stripped root pores,4/30/2025,,,,,,,,,,,,,,,1
17,250471,Bt2,Probe/Auger,,77-116,39,Gr,5YR4/6,37.5,54.6,7.9,SC,,,,1MSBK,,,4/30/2025,,,,,,,,,,,,,,,1
17,250472,Bt3,Auger,,116-150+,34,,5YR5/8,22.4,69.6,8,SCL,,,,1MSBK,,,4/30/2025,,,,,,,,,,,,,,,1
48,250473,Ap,Probe,,0-11,11,C,10YR3/3,21.5,62.3,16.2,SCL,,,,,VFR,,4/30/2025,,,,,,,,,,,,,,,0
48,250474,^C1,Probe,,Nov-39,28,A,2.5YR3/4,34.5,48.5,17,SCL,,,,,F,"organic stains, 75% red, 25% 7.5YR 3/2",4/30/2025,,,,,,Yes,,,,,,,,,0
48,250475,^C2,Probe,,39-60,21,A,2.5YR3/6,74,19.2,6.8,C,,,,,EF,compacted,4/30/2025,,,,,,Yes,,,,,,,,,0
48,250476,^C3,Probe,,60-78,18,A,2.5YR3/6,82.6,11.9,5.5,C,,,,,,"ironstone,charcoal, organic stains, 2.5YR 3/3 many ",4/30/2025,,,Yes,,,Yes,,,,,,,,,0
48,250477,Bt1,Probe/Auger,,78-100,22,Gr,2.5YR4/6,98.15,1.405,0.445,C,,,,,EF,Compacted,4/30/2025,,,,,,,,,,,,,,,0
48,250478,Bt2,Auger,,100-150,50,,2.5YR4/6,94.25,5.2,0.55,C,,,,,F,,4/30/2025,,,,,,,,,,,,,,,0
38,250479,Ap,Probe,,0-26,26,A,10YR4/3,6.25,82.1,11.65,LS,,,,1MGr,,fine roots,4/30/2025,,,,,,,,,,,,,,,0
38,250480,Bt1,Probe,,26-41,15,C,5YR4/6,44.2,43.6,12.2,C,,,,2MSBK,,fine roots,4/30/2025,,,,,,,,,,,,,,,0
38,250481,Bt2,Probe,,41-69,28,Gr,2.5YR4/8,59,30.7,10.3,C,,,,2MSBK,,"large root pores, fine roots",4/30/2025,,,,,,,,,,,,,,,0
38,250482,Bt3,Probe/Auger,,69-111,42,Gr,2.5YR3/6,96.25,3.025,0.725,C,,,,2CoSBK,,"large root pores, fine roots",4/30/2025,,,,,,,,,,,,,,,0
38,250483,Bt4,Auger,,111-150+,39,,2.5YR3/6,100,0,0,C,,,,2CoSBK,,"large  roots, common",4/30/2025,,,,,,,,,,,,,,,0
16,250484,Ap,Probe,,0-30,30,A,10YR3/4,4.7,87.4,7.9,S,,,,1MGr,,,4/30/2025,,,,,,,,,,,,,,,1
16,250485,Bw,Probe,,30-66,36,A,10YR4/6,7.55,83.2,9.25,LS,,,,1MSBK,,stripped sand,4/30/2025,,,,,,,,,,,,,,,1
16,250486,Ab,Probe,,66-83,17,A,10YR4/6,7.51,81.2,11.29,LS,,,,1MSBK,,"50% 10YR3/2, stratified organic stains.",4/30/2025,,,,,,,,,Yes,,,,,,1
16,250487,Bwb,Probe/Auger,,83-155,72,C,10YR7/4,6.03,85.5,8.47,LS,,,,1MSBK,,stripped sand grains + organic stains,4/30/2025,,,,,,,,,Yes,,,,,,1
16,250488,C,Auger,,155-180+,25,,10YR5/8,4.33,90.3,5.37,S,,,,SRSSG,,,4/30/2025,,,,,,,,,,,,,,,1
37,250489,Ap,Probe,,0-17,17,C,7.5YR4/4,6.97,84.2,8.83,LS,,,,1MGr,,very fine roots,4/30/2025,,,,,,,,,,,,,,,0
37,250490,Bt1,Probe,,17-46,29,Gr,2.5YR4/6,49.1,40.8,10.1,C,,,,2CoSBK,,very fine roots,4/30/2025,,,,,,,,,,,,,,,0
37,250491,Bt2,Probe,,46-90,44,D,10R4/6,74.7,20,5.3,C,,,,2CoSBK,,very fine roots,4/30/2025,,,,,,,,,,,,,,,0
37,250492,Bt3,Probe/Auger,,90-150+,60,,10R4/6,100,0,0,C,,,,2MSBK,,,4/30/2025,,,,,,,,,,,,,,,0
47,250493,Ap,Probe,,0-22,22,C,10YR4/3,7.34,80.7,11.96,LS,,,,1MGr,,vf roots many,4/30/2025,,,,,,,,,,,,,,,0
47,250494,BA,Probe,,22-42,20,C,5YR4/4,36.2,51.3,12.5,SC,,,,1MSBK,,vf roots many,4/30/2025,,,,,,,,,,,,Yes,,,0
47,250495,Bt1,Probe,,42-62,20,Gr,2.5YR4/6,48.5,41.1,10.4,C,,,,1MSBK,,vf roots many,4/30/2025,,,,,,,,,,,,,,,0
47,250496,Bt2,Probe,,62-98,36,Gr,2.5YR3/6,94.3,4.9,0.8,C,,,,2MSBK,,vf roots many,4/30/2025,,,,,,,,,,,,,,,0
47,250497,Bt3,Probe/Auger,,98-150+,52,,2.5YR3/6,100,0,0,C,,,,2CoSBK,,vf roots many,4/30/2025,,,,,,,,,,,,,,,0
26,250498,Ap,Probe,,0-20,20,C,10YR3/4,5.33,86.3,8.37,LS,,,,1MGr,,few VF roots,4/30/2025,,,,,,,,,,,,,,,1
26,250499,BA,Probe,,20-42,22,C,7.5YR4/4,16.7,71,12.3,SL,,,,2CoSBK,,"dark organic stains, charcoal few VF roots",4/30/2025,,,Yes,,,,,,,,,Yes,,,1
26,250500,Bt1,Probe,,42-73,31,Gr,5YR4/6,19.2,68.8,12,SL,,,,2CoSBK,,"organic stains, stripped root channels few VF roots",4/30/2025,,,,,,,,,,,,,,,1
26,250501,Bt2,Probe,,73-101,28,Gr,5YR5/8,23.4,64.7,11.9,SCL,,,,1MSBK,,few VF roots,4/30/2025,,,,,,,,,,,,,,,1
26,250502,Bt3,Probe/Auger,,101-150+,49,,5YR5/8,30.7,60.8,8.5,SCL,,,,1MSBK,,few VF roots,4/30/2025,,,,,,,,,,,,,,,1
19,250503,Ap,Probe,,0-18,18,A,10YR3/4,7.35,85.2,7.45,LS,,,,1MGr,,VF roots,4/30/2025,,,,,,,,,,,,,,,1
19,250504,BA,Probe,,18-33,15,C,5YR3/4,47,45,8,SC,,,,2MSBK,,VF roots,4/30/2025,,,,,,,,,,,,Yes,,,1
19,250505,Bt1,Probe,,33-60,27,Gr,2.5YR4/6,43.8,48.3,7.9,SC,,,,2MSBK,,"common organic stains, VF roots",4/30/2025,,,,,,,,,,,,,,,1
19,250506,Bt2,Probe,,60-98,38,Gr,2.5YR4/8,40.9,50.9,8.2,SC,,SL,,1MSBK,,"faint org stains, VF roots",4/30/2025,,,,,,,,,,,,,,,1
19,250507,Bt3,Probe/Auger,,98-150+,52,,2.5YR4/8,46,47.7,6.3,SC,,SL,,1MSBK,,,4/30/2025,,,,,,,,,,,,,,,1
27,250508,Ap,Probe,,0-30,30,C,5YR4/6,8.86,81.8,9.34,LS,,,,1MGr,,"mixed, vf roots, 40% 2.5YR4/6",4/30/2025,,,,,,,,,,,,,,,1
27,250509,BA,Probe,,30-52,22,Gr,2.5YR4/6,77.5,19.2,3.3,C,,,,2CoSBK,,VF roots,4/30/2025,,,,,,,,,,,,Yes,,,1
27,250510,Bt1,Probe,,52-77,25,Gr,2.5YR4/6,59.35,32.975,7.675,C,Yes,,,2MSBK,,VF roots,4/30/2025,,,,,,,,,,,,,,,1
27,250511,Bt2,Probe/Auger,,77-150+,73,,2.5YR3/6,100,0,0,C,,,,2CoSBK,,VF roots common,4/30/2025,,,,,,,,,,,,,,,1
9,250512,Ap,Probe,,0-29,29,A,10YR4/3,5.33,85.3,9.37,LS,,,,1MGr,,"VFroots, common",4/30/2025,,,,,,,,,,,,,,,1
9,250513,BA,Probe,,29-49,20,C,5YR4/4,24.55,61.85,13.6,SCL,Yes,,,2MSBK,,"organic stains, charcoal, VFroots, common",4/30/2025,,,Yes,,,,,,,,,Yes,,,1
9,250514,Bt1,Probe,,49-79,30,C,7.5YR4/6,24.2,62.6,13.2,SCL,,,,1MSBK,,"org stains, uncoated grains, VFroots, common",4/30/2025,,,,,,,,,,,,,,,1
9,250515,Bt2,Probe,,79-113,34,C,5YR4/6,35.1,55.4,9.5,SC,,,,2MSBK,,"common org stains, uncoated grains, VFroots, common",4/30/2025,,,,,,,,,,,,,,,1
9,250516,Bt3,Auger,,113-150+,37,,5YR5/8,21,69.9,9.1,SCL,,,,1MSBK,,"few charcoal, uncoated grains, VFroots, common",4/30/2025,,,Yes,,,,,,,,,,,,1
18,250517,Ap,Probe,Orangeburg,0-25,25,VA,10YR4/3,4.69,87.4,7.91,S,,,,1MGr,,VF roots,4/30/2025,,,,,,,,,,,,,,,1
18,250518,BA,Probe,Orangeburg,25-38,13,C,5YR4/4,34.4,53.2,12.4,SCL,,,,2MSBK,,"organic stains, uncoated sand grains, VF roots",4/30/2025,,,,,,,,,,,,Yes,,,1
18,250519,Bt1,Probe,Orangeburg,38-77,39,Gr,5YR4/6,27.6,59.9,12.5,SCL,,,,2CoSBK,,VF roots,4/30/2025,,,,,,,,,,,,,,,1
18,250520,Bt2,Probe,Orangeburg,77-119,42,Gr,2.5YR4/6,66.5,28.5,5,C,,,,2CoSBK,,"charcoal, few, VF roots",4/30/2025,,,Yes,,,,,,,,,,,,1
18,250521,Bt3,Probe/Auger,Orangeburg,119-150+,31,,2.5YR4/8,61.2,33.4,5.4,C,,,,2MSBK,,"charcoal, few, VF roots, few yellow concentrations",4/30/2025,,,Yes,,Yes,,,,,,,,,,1
28,250522,Ap1,Probe,,0-15,15,C,7.5YR4/4,6.18,85,8.82,LS,,,,1MGr,,VF roots common,4/30/2025,,,,,,,,,,,,,,,1
28,250523,Ap2,Probe,,15-28,13,A,5YR4/4,17.9,71.9,10.2,SL,,,,1MSBK,,VF roots common,4/30/2025,,,,,,,,,,,,,,,1
28,250524,Bt1,Probe,,28-52,24,Gr,2.5YR4/6,46.5,43.8,9.7,C,,,,2MSBK,,VF roots common,4/30/2025,,,,,,,,,,,,,,,1
28,250525,Bt2,Probe/Auger,,52-123,71,Gr,2.5YR3/6,91.2,6.94,1.86,C,,,,2CoSBK,,"charcoal, few VF roots common",4/30/2025,,,Yes,,,,,,,,,,,,1
28,250526,Bt3,Auger,,123-150+,27,,2.5YR3/6,94.5,4.54,0.96,C,,,,2CoSBK,,VF roots common,4/30/2025,,,,,,,,,,,,,,,1
44,240356,Btv1,Auger,Bonneau,94-128,34,,2.5Y5/6,7.14,83.05,9.81,LS,,,,2MSBK,,7.5YR5/8 plinthite at 4-5%. 2.5Y6/2 depletions at 4-5%,5/29/2024,,,,Yes,,,,,,,,,,,0
44,240357,Btv2,Auger,Bonneau,128-158+,30,,10YR6/2,9.14,82.4,8.46,LS,,,,2MSBK,,7.5YR5/8 plinthite at 20%. mottled depletions 10YR 6/2 at 45% and 7.5YR6/8 at 35%,5/29/2024,,,,Yes,Yes,,,Yes,,,,,,,0
81,,Bt1,Auger,,0-15,15,C,5YR4/6,,,,,,SCL,,,,no sample,4/16/2025,,,,,,,,,,,,,,,0
81,,Bt2,Auger,,15-45,30,Gr,2.5YR4/8,,,,,,SCL,,,,no sample. Charcoal present,4/16/2025,,,Yes,,,,,,,,,,,,0
81,,Bt3,Auger,,45-90+,45,,2.5YR4/8,,,,,,,,,,no sample,4/16/2025,,,,,,,,,,,,,,,0
